name,RA,DEC,re,mue,mean_score,std_score,grade
galaxy_0.627707_-30.6654_KIDS_1.2_-30.2,0.627707,-30.6654,5.95,24.32,7.4,2.88,A
galaxy_0.726513_-33.999_KIDS_1.2_-34.1,0.726513,-33.999,5.92,25.01,7.71,2.56,A
galaxy_1.899134_-32.168_KIDS_2.4_-32.1,1.899134,-32.168,4.6,24.87,8.38,2.56,A
galaxy_2.142476_-33.8264_KIDS_2.4_-34.1,2.142476,-33.8264,3.89,25.02,8.71,1.6,A
galaxy_2.162882_-33.8838_KIDS_2.4_-34.1,2.162882,-33.8838,5.89,25,9.57,1.13,A
galaxy_7.761782_-33.2707_KIDS_8.3_-33.1,7.761782,-33.2707,15.46,23.93,10,0,A
galaxy_7.980486_-33.2661_KIDS_8.3_-33.1,7.980486,-33.2661,14.35,24.53,10,0,A
galaxy_8.242036_-32.764_KIDS_8.3_-33.1,8.242036,-32.764,9.62,25.28,9.14,1.46,A
galaxy_8.404569_-32.3808_KIDS_8.2_-32.1,8.404569,-32.3808,6.69,24.12,9.4,1.34,A
galaxy_8.779283_-28.0503_KIDS_9.0_-28.2,8.779283,-28.0503,15.33,25.66,10,0,A
galaxy_10.549599_-31.6502_KIDS_10.5_-31.2,10.549599,-31.6502,11.84,24.6,7.4,2.88,A
galaxy_11.680739_-31.5162_KIDS_11.7_-31.2,11.680739,-31.5162,6.73,25.39,9.57,1.13,A
galaxy_14.161699_-31.786_KIDS_14.1_-32.1,14.161699,-31.786,10.73,24.58,8.8,1.64,A
galaxy_15.9952_-28.5139_KIDS_15.8_-28.2,15.9952,-28.5139,7.06,24.28,8.2,1.64,A
galaxy_18.562234_-32.4841_KIDS_18.8_-32.1,18.562234,-32.4841,5.24,24.63,9.4,1.34,A
galaxy_18.600681_-32.462_KIDS_18.8_-32.1,18.600681,-32.462,5.63,25.78,9.57,1.13,A
galaxy_18.603041_-32.6282_KIDS_19.0_-33.1,18.603041,-32.6282,6.12,24.82,9.4,1.34,A
galaxy_18.639711_-32.1925_KIDS_18.8_-32.1,18.639711,-32.1925,4.88,24.99,7.14,3.13,A
galaxy_18.671723_-32.2038_KIDS_18.8_-32.1,18.671723,-32.2038,9.65,24.26,10,0,A
galaxy_19.011245_-31.7601_KIDS_18.8_-32.1,19.011245,-31.7601,4.96,24.57,8.12,1.55,A
galaxy_19.213181_-33.0282_KIDS_19.0_-33.1,19.213181,-33.0282,4.79,24.59,9.4,1.34,A
galaxy_19.496324_-32.769_KIDS_19.0_-33.1,19.496324,-32.769,5.97,24.61,9.14,1.46,A
galaxy_19.830581_-33.0867_KIDS_20.2_-33.1,19.830581,-33.0867,5.4,25.01,9.14,1.46,A
galaxy_20.117843_-31.4713_KIDS_19.8_-31.2,20.117843,-31.4713,8.23,25.92,9.57,1.13,A
galaxy_20.266866_-33.157_KIDS_20.2_-33.1,20.266866,-33.157,9.1,24.25,8.5,1.73,A
galaxy_20.266878_-34.1224_KIDS_20.4_-34.1,20.266878,-34.1224,7.15,24.61,8.14,2.67,A
galaxy_20.965719_-33.845_KIDS_20.4_-34.1,20.965719,-33.845,5.96,25.87,9.57,1.13,A
galaxy_21.730976_-29.9589_KIDS_21.9_-30.2,21.730976,-29.9589,6.87,24.58,8.8,1.64,A
galaxy_22.140015_-34.0054_KIDS_21.6_-34.1,22.140015,-34.0054,5.37,24.95,8.71,1.6,A
galaxy_22.245648_-35.5488_KIDS_21.9_-35.1,22.245648,-35.5488,4.79,26.05,8.29,1.6,A
galaxy_22.983758_-29.3476_KIDS_22.8_-29.2,22.983758,-29.3476,7.94,24.12,10,0,A
galaxy_23.442437_-29.69_KIDS_23.9_-29.2,23.442437,-29.69,12.32,24.28,10,0,A
galaxy_23.71438_-29.171_KIDS_23.9_-29.2,23.71438,-29.171,7.04,24.52,9.14,1.46,A
galaxy_24.314004_-33.7899_KIDS_24.0_-34.1,24.314004,-33.7899,7.6,24.12,7.75,1.5,A
galaxy_35.056478_-34.1478_KIDS_34.8_-34.1,35.056478,-34.1478,6.82,23.84,7.75,1.5,A
galaxy_35.161219_-33.4979_KIDS_35.6_-33.1,35.161219,-33.4979,8.48,24.62,7.4,2.88,A
galaxy_39.352343_-35.4708_KIDS_38.9_-35.1,39.352343,-35.4708,8.21,24.57,10,0,A
galaxy_40.21071_-29.7392_KIDS_40.3_-30.2,40.21071,-29.7392,7.2,24.29,9.5,1.22,A
galaxy_40.825522_-30.0622_KIDS_40.3_-30.2,40.825522,-30.0622,5.68,24.61,9.4,1.34,A
galaxy_40.908388_-29.341_KIDS_41.0_-29.2,40.908388,-29.341,6.46,24.97,9.14,1.46,A
galaxy_41.751992_-30.1687_KIDS_41.4_-30.2,41.751992,-30.1687,6.99,25.26,9.14,1.46,A
galaxy_41.772681_-30.1519_KIDS_41.4_-30.2,41.772681,-30.1519,5.48,25.44,9.14,1.46,A
galaxy_41.861061_-30.3231_KIDS_41.4_-30.2,41.861061,-30.3231,7.75,26.14,9.57,1.13,A
galaxy_41.898092_-30.3289_KIDS_41.4_-30.2,41.898092,-30.3289,5.48,25.59,9.14,1.46,A
galaxy_41.930367_-31.0538_KIDS_41.9_-31.2,41.930367,-31.0538,10.51,25.26,9.57,1.13,A
galaxy_42.156295_-32.3485_KIDS_42.4_-32.1,42.156295,-32.3485,6.19,24.51,9.25,1.5,A
galaxy_42.190966_-31.5262_KIDS_41.9_-31.2,42.190966,-31.5262,5.58,24.9,9.14,1.46,A
galaxy_42.259535_-28.7501_KIDS_42.2_-29.2,42.259535,-28.7501,5.57,24.22,9.4,1.34,A
galaxy_42.950227_-30.1091_KIDS_42.6_-30.2,42.950227,-30.1091,15.8,24.12,9.4,1.34,A
galaxy_43.398515_-30.829_KIDS_43.1_-31.2,43.398515,-30.829,7.31,24.92,8.71,1.6,A
galaxy_44.009899_-30.3122_KIDS_43.7_-30.2,44.009899,-30.3122,5,26.04,8,3.42,A
galaxy_45.898888_-26.4058_KIDS_45.6_-26.2,45.898888,-26.4058,10.89,24.6,9,2.65,A
galaxy_47.303468_-26.1736_KIDS_47.8_-26.2,47.303468,-26.1736,6.36,24.05,8.5,1.73,A
galaxy_47.482882_-26.1134_KIDS_47.8_-26.2,47.482882,-26.1134,9.54,23.9,8.8,1.64,A
galaxy_47.728596_-31.303_KIDS_47.8_-31.2,47.728596,-31.303,5.09,25,7.71,2.56,A
galaxy_48.520129_-31.7995_KIDS_48.2_-32.1,48.520129,-31.7995,9.12,24.83,8.71,1.6,A
galaxy_48.983983_-34.9038_KIDS_48.6_-35.1,48.983983,-34.9038,8.14,25.16,9.57,1.13,A
galaxy_49.521639_-25.8267_KIDS_50.0_-26.2,49.521639,-25.8267,5.45,24.74,8.71,1.6,A
galaxy_49.530226_-34.1687_KIDS_49.2_-34.1,49.530226,-34.1687,4.92,25.58,9.57,1.13,A
galaxy_49.588785_-34.9282_KIDS_49.9_-35.1,49.588785,-34.9282,8.17,24.61,9.4,1.34,A
galaxy_49.69049_-25.8866_KIDS_50.0_-26.2,49.69049,-25.8866,5.56,24.93,9.14,1.46,A
galaxy_50.105457_-33.5711_KIDS_49.9_-33.1,50.105457,-33.5711,9.5,23.9,10,0,A
galaxy_50.411611_-33.4539_KIDS_49.9_-33.1,50.411611,-33.4539,11.11,24.29,10,0,A
galaxy_50.558965_-31.838_KIDS_50.6_-32.1,50.558965,-31.838,8.66,23.99,10,0,A
galaxy_50.70722_-31.4391_KIDS_51.3_-31.2,50.70722,-31.4391,5.42,24.69,9.14,1.46,A
galaxy_50.737327_-31.0413_KIDS_51.3_-31.2,50.737327,-31.0413,6.22,25.03,9.57,1.13,A
galaxy_50.80521_-29.0498_KIDS_51.3_-29.2,50.80521,-29.0498,13.09,24.43,10,0,A
galaxy_50.983415_-34.8084_KIDS_51.1_-35.1,50.983415,-34.8084,5.52,25.23,9.57,1.13,A
galaxy_51.209463_-34.604_KIDS_51.1_-35.1,51.209463,-34.604,7.5,24.87,9.14,1.46,A
galaxy_51.337713_-33.325_KIDS_51.1_-33.1,51.337713,-33.325,6.31,25.36,9.62,1.06,A
galaxy_51.400167_-32.9604_KIDS_51.1_-33.1,51.400167,-32.9604,9.72,24.67,8.8,1.64,A
galaxy_51.442376_-35.5099_KIDS_51.1_-35.1,51.442376,-35.5099,10.59,25.74,9.14,1.46,A
galaxy_51.529183_-31.1884_KIDS_51.3_-31.2,51.529183,-31.1884,7.47,24.55,10,0,A
galaxy_51.560894_-34.5538_KIDS_51.6_-34.1,51.560894,-34.5538,6.21,25.67,9.62,1.06,A
galaxy_51.724875_-35.5178_KIDS_52.3_-35.1,51.724875,-35.5178,16.01,24.79,10,0,A
galaxy_51.726218_-33.9456_KIDS_51.6_-34.1,51.726218,-33.9456,4.91,25.45,9.57,1.13,A
galaxy_51.777514_-31.1072_KIDS_51.3_-31.2,51.777514,-31.1072,6.16,24.48,10,0,A
galaxy_51.783504_-34.4003_KIDS_51.6_-34.1,51.783504,-34.4003,7.19,24.92,10,0,A
galaxy_51.820237_-33.0354_KIDS_52.3_-33.1,51.820237,-33.0354,8.02,24.84,9.57,1.13,A
galaxy_51.837339_-26.0351_KIDS_52.2_-26.2,51.837339,-26.0351,7.29,23.92,10,0,A
galaxy_51.944546_-28.729_KIDS_52.4_-29.2,51.944546,-28.729,6.14,24.3,10,0,A
galaxy_51.963236_-29.1406_KIDS_52.4_-29.2,51.963236,-29.1406,8.74,24.34,10,0,A
galaxy_52.118071_-33.7348_KIDS_51.6_-34.1,52.118071,-33.7348,12.89,24.35,10,0,A
galaxy_52.439325_-35.3784_KIDS_52.3_-35.1,52.439325,-35.3784,7.97,25.66,9.14,1.46,A
galaxy_52.54091_-28.4991_KIDS_53.0_-28.2,52.54091,-28.4991,7.11,25.48,9.14,1.46,A
galaxy_52.653166_-35.0409_KIDS_52.3_-35.1,52.653166,-35.0409,7.61,25.31,8.29,1.6,A
galaxy_52.69413_-35.3542_KIDS_52.3_-35.1,52.69413,-35.3542,10.59,24.39,10,0,A
galaxy_52.801208_-33.2441_KIDS_52.3_-33.1,52.801208,-33.2441,9.6,24.75,10,0,A
galaxy_52.82964_-32.0529_KIDS_52.9_-32.1,52.82964,-32.0529,13.17,24.4,10,0,A
galaxy_52.871551_-32.479_KIDS_52.9_-32.1,52.871551,-32.479,6.77,23.85,9.4,1.34,A
galaxy_52.898033_-32.143_KIDS_52.9_-32.1,52.898033,-32.143,7.22,24.2,10,0,A
galaxy_52.938125_-34.3384_KIDS_52.8_-34.1,52.938125,-34.3384,10.56,24.09,10,0,A
galaxy_52.953746_-35.5826_KIDS_53.5_-35.1,52.953746,-35.5826,5.01,25.46,9.57,1.13,A
galaxy_53.022207_-35.4257_KIDS_53.5_-35.1,53.022207,-35.4257,5.82,24.94,9.4,1.34,A
galaxy_53.107636_-29.8976_KIDS_52.9_-30.2,53.107636,-29.8976,3.62,25.22,9.14,1.46,A
galaxy_53.127616_-29.984_KIDS_52.9_-30.2,53.127616,-29.984,8.45,25,9.14,1.46,A
galaxy_53.216824_-28.094_KIDS_53.0_-28.2,53.216824,-28.094,9.88,24.42,7.29,2.36,A
galaxy_53.264896_-33.7248_KIDS_52.8_-34.1,53.264896,-33.7248,11.09,24.06,10,0,A
galaxy_53.28987_-28.1603_KIDS_53.0_-28.2,53.28987,-28.1603,7.73,24.84,8.71,1.6,A
galaxy_53.379746_-34.4559_KIDS_52.8_-34.1,53.379746,-34.4559,8.66,24.18,10,0,A
galaxy_53.584053_-35.3624_KIDS_53.5_-35.1,53.584053,-35.3624,11.6,24.64,10,0,A
galaxy_53.637993_-32.8341_KIDS_53.5_-33.1,53.637993,-32.8341,7.5,24.53,10,0,A
galaxy_53.73486_-35.1906_KIDS_53.5_-35.1,53.73486,-35.1906,6.92,24.98,8.71,1.6,A
galaxy_53.740105_-35.223_KIDS_53.5_-35.1,53.740105,-35.223,4.67,25.57,9.14,1.46,A
galaxy_53.742319_-35.0429_KIDS_53.5_-35.1,53.742319,-35.0429,8.14,25.27,9.4,1.34,A
galaxy_53.750849_-35.3225_KIDS_53.5_-35.1,53.750849,-35.3225,5.64,25.21,9.25,1.39,A
galaxy_53.772694_-35.2184_KIDS_53.5_-35.1,53.772694,-35.2184,5.55,24.82,9.57,1.13,A
galaxy_53.797989_-35.3231_KIDS_53.5_-35.1,53.797989,-35.3231,4.71,25.15,9.4,1.34,A
galaxy_53.876508_-35.2517_KIDS_53.5_-35.1,53.876508,-35.2517,7.71,25.57,9.14,1.46,A
galaxy_53.891322_-34.805_KIDS_53.5_-35.1,53.891322,-34.805,7.08,24.46,10,0,A
galaxy_53.928086_-35.5142_KIDS_53.5_-35.1,53.928086,-35.5142,15.1,25.35,9.14,1.46,A
galaxy_53.928565_-35.34_KIDS_53.5_-35.1,53.928565,-35.34,10.56,24.41,9.62,1.06,A
galaxy_53.982024_-34.8283_KIDS_53.5_-35.1,53.982024,-34.8283,16.2,25.21,10,0,A
galaxy_53.991167_-35.3478_KIDS_53.5_-35.1,53.991167,-35.3478,3.95,25.03,8.71,1.6,A
galaxy_54.016342_-35.3884_KIDS_53.5_-35.1,54.016342,-35.3884,9.71,24.54,10,0,A
galaxy_128.720703_-1.6737_KIDS_129.0_-1.5,128.720703,-1.6737,5.43,25.56,8.14,2.67,A
galaxy_134.283606_2.932_KIDS_134.4_2.5,134.283606,2.932,5.85,24.19,7.83,2.79,A
galaxy_139.990943_0.8458_KIDS_140.0_0.5,139.990943,0.8458,8.91,24.23,9.4,1.34,A
galaxy_158.798889_-1.2692_KIDS_159.0_-1.5,158.798889,-1.2692,6.03,25.04,7.29,2.36,A
galaxy_159.855389_-0.0846_KIDS_160.0_-0.5,159.855389,-0.0846,6.1,24.07,10,0,A
galaxy_159.893139_-0.1471_KIDS_160.0_-0.5,159.893139,-0.1471,6.16,25.85,9.57,1.13,A
galaxy_160.950639_0.8978_KIDS_161.0_0.5,160.950639,0.8978,5.32,25.16,8.71,1.6,A
galaxy_161.235385_-1.3666_KIDS_161.0_-1.5,161.235385,-1.3666,8.76,23.98,8.6,3.13,A
galaxy_161.509252_-1.9792_KIDS_161.4_-2.5,161.509252,-1.9792,4.8,25.11,8.8,1.64,A
galaxy_163.144_-0.7013_KIDS_163.0_-0.5,163.144,-0.7013,6.34,24.96,8.71,1.6,A
galaxy_165.339544_3.5553_KIDS_165.5_3.5,165.339544,3.5553,10.42,25.13,9.14,1.46,A
galaxy_165.741861_-0.3487_KIDS_166.0_-0.5,165.741861,-0.3487,6.47,25.21,9.14,1.46,A
galaxy_166.167_0.0578_KIDS_166.0_0.5,166.167,0.0578,12.76,24.42,10,0,A
galaxy_166.531466_-1.4475_KIDS_167.0_-1.5,166.531466,-1.4475,11.26,25.02,10,0,A
galaxy_166.804389_-0.1868_KIDS_167.0_-0.5,166.804389,-0.1868,10.03,25.51,9.14,1.46,A
galaxy_167.622362_0.6166_KIDS_168.0_0.5,167.622362,0.6166,10.12,24.02,10,0,A
galaxy_169.161935_2.97_KIDS_169.5_3.5,169.161935,2.97,8.15,24.52,10,0,A
galaxy_169.64634_2.4724_KIDS_169.5_2.5,169.64634,2.4724,9.46,25.26,9.57,1.13,A
galaxy_169.711287_3.7634_KIDS_169.5_3.5,169.711287,3.7634,9.47,24.19,10,0,A
galaxy_170.279354_3.4687_KIDS_170.5_3.5,170.279354,3.4687,9.82,24.23,10,0,A
galaxy_170.583645_3.9008_KIDS_170.5_3.5,170.583645,3.9008,11.46,25.73,9.4,1.34,A
galaxy_170.723705_3.2475_KIDS_170.5_3.5,170.723705,3.2475,6.46,23.91,9.5,1.22,A
galaxy_171.03537_3.7344_KIDS_171.5_3.5,171.03537,3.7344,7.76,23.83,10,0,A
galaxy_173.911291_-3.8997_KIDS_173.5_-3.5,173.911291,-3.8997,6.39,24.66,9.5,1.22,A
galaxy_176.207643_-1.9774_KIDS_176.0_-1.5,176.207643,-1.9774,5.26,25.18,8.57,2.7,A
galaxy_178.002306_1.4595_KIDS_178.0_1.5,178.002306,1.4595,6.47,24.28,9.5,1.22,A
galaxy_179.582774_-1.1277_KIDS_180.0_-1.5,179.582774,-1.1277,4.92,25,8.14,2.67,A
galaxy_180.418004_-1.2042_KIDS_180.0_-1.5,180.418004,-1.2042,10.63,25.29,9.14,1.46,A
galaxy_180.58741_2.2665_KIDS_180.5_2.5,180.58741,2.2665,5.78,23.86,9.5,1.22,A
galaxy_180.660644_1.8314_KIDS_181.0_1.5,180.660644,1.8314,5.12,24.41,9,1.55,A
galaxy_180.846081_1.79_KIDS_181.0_1.5,180.846081,1.79,5.19,25.31,8.57,2.7,A
galaxy_180.869784_1.4058_KIDS_181.0_1.5,180.869784,1.4058,5.94,24.05,10,0,A
galaxy_180.886493_1.803_KIDS_181.0_1.5,180.886493,1.803,7,23.89,10,0,A
galaxy_180.92418_1.9327_KIDS_181.0_1.5,180.92418,1.9327,7.24,25.62,9.57,1.13,A
galaxy_180.979638_0.5518_KIDS_181.0_0.5,180.979638,0.5518,5.84,24.67,10,0,A
galaxy_181.030854_1.5832_KIDS_181.0_1.5,181.030854,1.5832,7.36,24.55,10,0,A
galaxy_181.03294_1.3216_KIDS_181.0_1.5,181.03294,1.3216,4.89,25.4,8.71,1.6,A
galaxy_181.04094_1.8736_KIDS_181.0_1.5,181.04094,1.8736,5.12,24.41,10,0,A
galaxy_181.139664_1.416_KIDS_181.0_1.5,181.139664,1.416,5.1,25.36,9.14,1.46,A
galaxy_181.169951_1.4507_KIDS_181.0_1.5,181.169951,1.4507,4.7,25.14,8.71,1.6,A
galaxy_181.185553_1.0708_KIDS_181.0_1.5,181.185553,1.0708,5.34,25.69,9.57,1.13,A
galaxy_181.230193_-0.696_KIDS_181.0_-0.5,181.230193,-0.696,9.4,25.6,7.86,1.46,A
galaxy_181.246951_1.9873_KIDS_181.5_2.5,181.246951,1.9873,5.12,24.18,8.8,1.64,A
galaxy_181.247063_1.9554_KIDS_181.5_2.5,181.247063,1.9554,5.05,24.94,7.29,3.55,A
galaxy_181.352001_1.9237_KIDS_181.0_1.5,181.352001,1.9237,6.19,25.19,9.14,1.46,A
galaxy_181.788188_1.9005_KIDS_182.0_1.5,181.788188,1.9005,5.71,25.05,9.14,1.46,A
galaxy_181.883021_1.63_KIDS_182.0_1.5,181.883021,1.63,7.48,23.84,9.25,1.5,A
galaxy_181.894056_2.6405_KIDS_181.5_2.5,181.894056,2.6405,7.56,24.14,10,0,A
galaxy_182.38841_3.0175_KIDS_182.5_3.5,182.38841,3.0175,6.82,24.97,9.57,1.13,A
galaxy_183.182442_0.9822_KIDS_183.0_1.5,183.182442,0.9822,8.82,25.06,9.57,1.13,A
galaxy_183.238303_1.2303_KIDS_183.0_1.5,183.238303,1.2303,9.21,25.23,10,0,A
galaxy_183.273064_2.1054_KIDS_183.5_2.5,183.273064,2.1054,5.39,24.83,8.12,1.55,A
galaxy_183.454765_3.88_KIDS_183.5_3.5,183.454765,3.88,9.1,24.56,10,0,A
galaxy_183.848146_3.3083_KIDS_183.5_3.5,183.848146,3.3083,11.18,25.49,9.57,1.13,A
galaxy_184.060032_2.8928_KIDS_184.5_2.5,184.060032,2.8928,5.43,24.99,9.14,1.46,A
galaxy_184.442991_3.8634_KIDS_184.5_3.5,184.442991,3.8634,7.35,25.09,9.57,1.13,A
galaxy_184.466294_3.8766_KIDS_184.5_3.5,184.466294,3.8766,4.83,24.36,8,1.55,A
galaxy_184.594275_3.6697_KIDS_184.5_3.5,184.594275,3.6697,7.08,24.93,9.62,1.06,A
galaxy_184.73388_3.4979_KIDS_184.5_3.5,184.73388,3.4979,5.78,25.79,9.57,1.13,A
galaxy_186.178038_3.2044_KIDS_186.5_3.5,186.178038,3.2044,7.95,26.03,9.62,1.06,A
galaxy_187.441597_3.5203_KIDS_187.5_3.5,187.441597,3.5203,8.18,25.91,9.57,1.13,A
galaxy_187.660257_-3.745_KIDS_187.5_-3.5,187.660257,-3.745,6.18,25.15,9.57,1.13,A
galaxy_187.870362_3.97_KIDS_187.5_3.5,187.870362,3.97,5.24,24.99,9.5,1.22,A
galaxy_188.17264_-0.6128_KIDS_188.0_-0.5,188.17264,-0.6128,10.01,25.68,8.5,1.64,A
galaxy_188.183492_1.7753_KIDS_188.0_1.5,188.183492,1.7753,7.35,25.66,9.14,1.46,A
galaxy_188.232943_3.3605_KIDS_188.5_3.5,188.232943,3.3605,15.69,23.92,8.8,1.64,A
galaxy_188.290139_-0.3762_KIDS_188.0_-0.5,188.290139,-0.3762,13.95,24.85,10,0,A
galaxy_188.326012_2.04_KIDS_188.5_2.5,188.326012,2.04,7.06,24.21,10,0,A
galaxy_188.357162_2.4129_KIDS_188.5_2.5,188.357162,2.4129,5.04,24.71,9.25,1.39,A
galaxy_188.365659_3.872_KIDS_188.5_3.5,188.365659,3.872,5.04,24.78,9,1.55,A
galaxy_188.561945_2.2966_KIDS_188.5_2.5,188.561945,2.2966,7.54,24.35,10,0,A
galaxy_188.603521_2.332_KIDS_188.5_2.5,188.603521,2.332,5.3,25.21,9.57,1.13,A
galaxy_188.846954_3.9354_KIDS_188.5_3.5,188.846954,3.9354,7.51,26.08,9.57,1.13,A
galaxy_188.979683_2.4861_KIDS_188.5_2.5,188.979683,2.4861,8,24.72,9.14,1.46,A
galaxy_188.993246_1.8852_KIDS_189.0_1.5,188.993246,1.8852,4.73,24.76,8.71,1.6,A
galaxy_189.032414_-0.9883_KIDS_189.0_-0.5,189.032414,-0.9883,5.97,23.87,8.8,1.64,A
galaxy_189.069234_-2.1941_KIDS_189.5_-2.5,189.069234,-2.1941,8.14,24.47,10,0,A
galaxy_189.069475_-3.6683_KIDS_189.5_-3.5,189.069475,-3.6683,7.01,24.87,9.57,1.13,A
galaxy_189.091583_0.2346_KIDS_189.0_0.5,189.091583,0.2346,5.82,25.36,9.57,1.13,A
galaxy_189.145389_3.6424_KIDS_189.5_3.5,189.145389,3.6424,6.9,23.9,10,0,A
galaxy_189.46904_2.1809_KIDS_189.5_2.5,189.46904,2.1809,7.77,26.19,9.57,1.13,A
galaxy_189.472779_-0.6013_KIDS_189.0_-0.5,189.472779,-0.6013,4.92,25.28,9.57,1.13,A
galaxy_189.475572_2.148_KIDS_189.5_2.5,189.475572,2.148,10.14,26.1,9.57,1.13,A
galaxy_189.484981_3.8649_KIDS_189.5_3.5,189.484981,3.8649,4.9,26.01,8.57,2.7,A
galaxy_189.57218_2.4334_KIDS_189.5_2.5,189.57218,2.4334,4.93,24.79,9.4,1.34,A
galaxy_189.705278_-0.5976_KIDS_190.0_-0.5,189.705278,-0.5976,6.03,25.14,9.57,1.13,A
galaxy_189.787722_0.1446_KIDS_190.0_0.5,189.787722,0.1446,9.39,25.97,9.57,1.13,A
galaxy_189.796084_3.5773_KIDS_189.5_3.5,189.796084,3.5773,9.1,25.66,9.14,1.46,A
galaxy_189.911258_2.0314_KIDS_189.5_2.5,189.911258,2.0314,6.1,25.73,8.71,1.6,A
galaxy_189.915342_2.2329_KIDS_189.5_2.5,189.915342,2.2329,6.14,25.32,9.25,1.39,A
galaxy_189.915641_0.8249_KIDS_190.0_0.5,189.915641,0.8249,7.56,25.09,8.29,1.6,A
galaxy_189.933583_-2.99_KIDS_189.5_-3.5,189.933583,-2.99,7.74,24.3,8.71,1.6,A
galaxy_189.948611_0.0408_KIDS_190.0_0.5,189.948611,0.0408,11.67,25.25,10,0,A
galaxy_190.057473_-0.8823_KIDS_190.0_-0.5,190.057473,-0.8823,12.25,25.68,8.2,1.64,A
galaxy_190.105751_2.6084_KIDS_190.5_2.5,190.105751,2.6084,10.97,24.04,8.71,1.6,A
galaxy_190.121149_-3.5288_KIDS_190.5_-3.5,190.121149,-3.5288,5.92,25.36,7.43,1.13,A
galaxy_190.133993_1.69_KIDS_190.0_1.5,190.133993,1.69,5.27,25.61,9.57,1.13,A
galaxy_190.20011_2.9811_KIDS_190.5_2.5,190.20011,2.9811,14.07,25.01,10,0,A
galaxy_190.202195_0.4496_KIDS_190.0_0.5,190.202195,0.4496,7.85,23.86,8.5,1.73,A
galaxy_190.202729_3.2034_KIDS_190.5_3.5,190.202729,3.2034,6.48,25.36,9.14,1.46,A
galaxy_190.279165_3.6104_KIDS_190.5_3.5,190.279165,3.6104,6.32,24.58,9.5,1.22,A
galaxy_190.329248_2.0994_KIDS_190.5_2.5,190.329248,2.0994,10.32,25.71,9.14,1.46,A
galaxy_190.329687_1.5484_KIDS_190.0_1.5,190.329687,1.5484,9.63,24.73,7.43,1.13,A
galaxy_190.349233_-2.0767_KIDS_190.5_-2.5,190.349233,-2.0767,5.56,25.61,9.14,1.46,A
galaxy_190.425689_2.377_KIDS_190.5_2.5,190.425689,2.377,5.6,25.61,9.57,1.13,A
galaxy_190.466011_2.7446_KIDS_190.5_2.5,190.466011,2.7446,14.18,24.06,10,0,A
galaxy_190.49527_3.0339_KIDS_190.5_3.5,190.49527,3.0339,7.02,25.48,9.62,1.06,A
galaxy_190.515293_2.1937_KIDS_190.5_2.5,190.515293,2.1937,7.3,25.14,9.57,1.13,A
galaxy_190.629526_2.9564_KIDS_190.5_2.5,190.629526,2.9564,10.22,25.73,9.14,1.46,A
galaxy_190.678749_0.5918_KIDS_191.0_0.5,190.678749,0.5918,7.45,23.87,10,0,A
galaxy_190.689429_3.0348_KIDS_190.5_3.5,190.689429,3.0348,9.52,25.86,9.62,1.06,A
galaxy_190.726356_2.5215_KIDS_190.5_2.5,190.726356,2.5215,10.58,25.01,10,0,A
galaxy_190.745705_2.23_KIDS_190.5_2.5,190.745705,2.23,6.31,24.63,9.5,1.22,A
galaxy_190.749039_2.103_KIDS_190.5_2.5,190.749039,2.103,9.5,24.56,9.57,1.13,A
galaxy_190.776384_2.6329_KIDS_190.5_2.5,190.776384,2.6329,9.16,24.66,9.14,1.46,A
galaxy_190.834413_1.2435_KIDS_191.0_1.5,190.834413,1.2435,7.11,25.33,9.57,1.13,A
galaxy_190.851154_3.6578_KIDS_190.5_3.5,190.851154,3.6578,8.83,24,10,0,A
galaxy_190.896389_3.3854_KIDS_190.5_3.5,190.896389,3.3854,8.63,24.72,8.71,1.6,A
galaxy_190.899372_2.0281_KIDS_190.5_2.5,190.899372,2.0281,11.2,26.22,9.14,1.46,A
galaxy_190.903929_3.3629_KIDS_190.5_3.5,190.903929,3.3629,7.26,25.32,9.14,1.46,A
galaxy_190.932195_2.4286_KIDS_190.5_2.5,190.932195,2.4286,5.58,26.62,8.57,2.7,A
galaxy_190.958481_3.76_KIDS_190.5_3.5,190.958481,3.76,9.99,25.18,9.57,1.13,A
galaxy_191.062181_2.4622_KIDS_191.5_2.5,191.062181,2.4622,8.88,24,10,0,A
galaxy_191.06254_2.6198_KIDS_191.5_2.5,191.06254,2.6198,9.79,26.08,8.71,1.6,A
galaxy_191.07294_2.6675_KIDS_191.5_2.5,191.07294,2.6675,7.4,24.21,8.8,1.64,A
galaxy_191.206889_0.7086_KIDS_191.0_0.5,191.206889,0.7086,4.69,25.5,9.57,1.13,A
galaxy_191.231838_2.2959_KIDS_191.5_2.5,191.231838,2.2959,12.78,24.67,10,0,A
galaxy_191.520801_2.42_KIDS_191.5_2.5,191.520801,2.42,10.68,24.98,10,0,A
galaxy_191.611616_1.6052_KIDS_192.0_1.5,191.611616,1.6052,9.18,25.19,9.14,1.46,A
galaxy_191.616187_2.2621_KIDS_191.5_2.5,191.616187,2.2621,4.26,25.15,8.71,1.6,A
galaxy_191.654955_3.1022_KIDS_191.5_3.5,191.654955,3.1022,9.8,25.23,8.2,1.64,A
galaxy_191.705393_2.7136_KIDS_191.5_2.5,191.705393,2.7136,9.97,24.77,9.14,1.46,A
galaxy_191.721028_-0.1543_KIDS_192.0_-0.5,191.721028,-0.1543,4.56,24.99,8.29,1.6,A
galaxy_191.72739_2.3596_KIDS_191.5_2.5,191.72739,2.3596,9.91,24.44,10,0,A
galaxy_191.82201_-1.7203_KIDS_192.0_-1.5,191.82201,-1.7203,8.74,25.6,9.14,1.46,A
galaxy_191.847777_-1.4049_KIDS_192.0_-1.5,191.847777,-1.4049,10.51,25.7,9.57,1.13,A
galaxy_191.931795_-1.9492_KIDS_192.0_-1.5,191.931795,-1.9492,7.19,24.16,9.4,1.34,A
galaxy_191.950595_-3.4965_KIDS_191.5_-3.5,191.950595,-3.4965,6.3,24.73,8.29,1.6,A
galaxy_191.989902_-2.5431_KIDS_191.5_-2.5,191.989902,-2.5431,9.08,25.12,8.38,2.56,A
galaxy_192.025941_1.026_KIDS_192.0_1.5,192.025941,1.026,8.27,25.11,9.57,1.13,A
galaxy_192.026272_1.2208_KIDS_192.0_1.5,192.026272,1.2208,7.83,25.84,8.71,1.6,A
galaxy_192.032444_-0.4577_KIDS_192.0_-0.5,192.032444,-0.4577,3.96,25.73,9.25,1.39,A
galaxy_192.050444_-0.8391_KIDS_192.0_-0.5,192.050444,-0.8391,7.83,24.12,8.8,1.64,A
galaxy_192.115801_2.5186_KIDS_192.5_2.5,192.115801,2.5186,7.84,25.61,9.57,1.13,A
galaxy_192.239166_-0.78_KIDS_192.0_-0.5,192.239166,-0.78,7.77,25.65,9.14,1.46,A
galaxy_192.276564_1.957_KIDS_192.5_2.5,192.276564,1.957,8.46,24.82,8.8,1.64,A
galaxy_192.343745_2.5946_KIDS_192.5_2.5,192.343745,2.5946,4.43,25.49,8.71,1.6,A
galaxy_192.506186_3.2154_KIDS_192.5_3.5,192.506186,3.2154,15.65,25.4,9.14,1.46,A
galaxy_192.530121_2.248_KIDS_192.5_2.5,192.530121,2.248,19.76,23.9,10,0,A
galaxy_192.603529_-1.16_KIDS_193.0_-1.5,192.603529,-1.16,6.29,24.76,8.29,1.6,A
galaxy_193.071009_2.1487_KIDS_193.5_2.5,193.071009,2.1487,7.81,25.42,8.71,1.6,A
galaxy_193.096055_2.2897_KIDS_193.5_2.5,193.096055,2.2897,8.99,24.47,9.14,1.46,A
galaxy_193.102724_-1.8772_KIDS_193.0_-1.5,193.102724,-1.8772,6.87,25.34,9.14,1.46,A
galaxy_193.202667_-0.9405_KIDS_193.0_-0.5,193.202667,-0.9405,6.09,24.73,9.14,1.46,A
galaxy_193.205892_1.7345_KIDS_193.0_1.5,193.205892,1.7345,8.54,23.82,10,0,A
galaxy_193.296704_3.4426_KIDS_193.5_3.5,193.296704,3.4426,9.6,24.96,8.71,1.6,A
galaxy_193.447221_1.6991_KIDS_193.0_1.5,193.447221,1.6991,7.24,25.34,9.57,1.13,A
galaxy_193.468617_1.42_KIDS_193.0_1.5,193.468617,1.42,4.29,25.41,9.57,1.13,A
galaxy_193.472122_2.0329_KIDS_193.5_2.5,193.472122,2.0329,10.04,24.75,10,0,A
galaxy_193.560306_0.3767_KIDS_194.0_0.5,193.560306,0.3767,5.98,25.77,9.14,1.46,A
galaxy_193.64572_1.8085_KIDS_194.0_1.5,193.64572,1.8085,8.92,24.79,9.57,1.13,A
galaxy_193.733683_3.0217_KIDS_193.5_3.5,193.733683,3.0217,6.31,24.85,10,0,A
galaxy_193.740968_1.9781_KIDS_193.5_2.5,193.740968,1.9781,10.9,24.64,10,0,A
galaxy_193.855628_2.8775_KIDS_193.5_2.5,193.855628,2.8775,6.69,25.22,9.57,1.13,A
galaxy_193.86858_2.9624_KIDS_193.5_2.5,193.86858,2.9624,6.46,24.94,9.14,1.46,A
galaxy_194.038413_-1.4555_KIDS_194.0_-1.5,194.038413,-1.4555,5.86,24.19,8.8,1.64,A
galaxy_194.211727_1.614_KIDS_194.0_1.5,194.211727,1.614,8.52,25.93,8.14,2.67,A
galaxy_194.552857_-3.4819_KIDS_194.5_-3.5,194.552857,-3.4819,6.39,25.78,8.29,1.6,A
galaxy_194.784635_-2.4261_KIDS_194.5_-2.5,194.784635,-2.4261,6.12,25.64,9.57,1.13,A
galaxy_195.198111_-0.2358_KIDS_195.0_-0.5,195.198111,-0.2358,4.28,26.16,8.57,2.7,A
galaxy_195.609272_2.3049_KIDS_195.5_2.5,195.609272,2.3049,9.13,25.23,10,0,A
galaxy_195.868901_2.5986_KIDS_195.5_2.5,195.868901,2.5986,12.65,25.85,9.57,1.13,A
galaxy_196.068261_-2.0007_KIDS_196.0_-1.5,196.068261,-2.0007,10.1,24.3,9.4,1.34,A
galaxy_196.190038_2.5944_KIDS_196.5_2.5,196.190038,2.5944,5.86,25.38,9.57,1.13,A
galaxy_196.389583_-0.2946_KIDS_196.0_-0.5,196.389583,-0.2946,9.9,24.45,10,0,A
galaxy_196.810807_2.3701_KIDS_196.5_2.5,196.810807,2.3701,6.23,25.14,8.88,1.55,A
galaxy_197.283832_-0.762_KIDS_197.0_-0.5,197.283832,-0.762,4.2,25.56,9.57,1.13,A
galaxy_197.332637_0.8839_KIDS_197.0_0.5,197.332637,0.8839,6.52,23.96,10,0,A
galaxy_197.602861_2.0304_KIDS_197.5_2.5,197.602861,2.0304,5.57,25.77,9.14,1.46,A
galaxy_197.624432_-1.7711_KIDS_198.0_-1.5,197.624432,-1.7711,6.66,25.56,9.57,1.13,A
galaxy_197.826611_-0.2294_KIDS_198.0_-0.5,197.826611,-0.2294,6.03,24.64,8.5,1.73,A
galaxy_197.913278_0.5326_KIDS_198.0_0.5,197.913278,0.5326,5.42,24.75,9.4,1.34,A
galaxy_199.988247_1.2127_KIDS_200.0_1.5,199.988247,1.2127,8.64,24.66,9.4,1.34,A
galaxy_200.417249_-2.0956_KIDS_200.6_-2.5,200.417249,-2.0956,7.63,24.63,9.4,1.34,A
galaxy_201.285869_-3.5983_KIDS_201.6_-3.5,201.285869,-3.5983,10.56,23.89,7.4,2.88,A
galaxy_201.41328_2.0473_KIDS_201.6_2.5,201.41328,2.0473,6.16,25.73,9.14,1.46,A
galaxy_201.604051_2.2415_KIDS_201.6_2.5,201.604051,2.2415,5.73,24.99,9.57,1.13,A
galaxy_202.386025_-1.122_KIDS_202.0_-1.5,202.386025,-1.122,6.1,24.48,8.8,1.64,A
galaxy_202.784855_-1.6522_KIDS_203.0_-1.5,202.784855,-1.6522,4.05,25.46,7.71,2.56,A
galaxy_202.799166_-1.6778_KIDS_203.0_-1.5,202.799166,-1.6778,5.52,24.49,9.5,1.22,A
galaxy_202.891325_2.18_KIDS_202.6_2.5,202.891325,2.18,10.19,24.32,7.14,3.13,A
galaxy_202.913619_-2.653_KIDS_202.6_-2.5,202.913619,-2.653,6.59,24.52,8.29,1.6,A
galaxy_203.117756_-1.4854_KIDS_203.0_-1.5,203.117756,-1.4854,6.19,24.52,8.2,1.64,A
galaxy_208.183948_2.8283_KIDS_208.6_2.5,208.183948,2.8283,5.35,24.86,8.5,1.6,A
galaxy_208.187786_2.7679_KIDS_208.6_2.5,208.187786,2.7679,7.02,24.58,9.14,1.46,A
galaxy_208.351083_0.9094_KIDS_208.0_0.5,208.351083,0.9094,5.95,24.49,8.14,2.67,A
galaxy_209.8206_-3.1419_KIDS_209.6_-3.5,209.8206,-3.1419,5.71,24.32,8.8,1.64,A
galaxy_211.821999_-3.1116_KIDS_211.6_-3.5,211.821999,-3.1116,7.31,25.28,7.14,3.13,A
galaxy_212.337855_-1.8831_KIDS_212.0_-1.5,212.337855,-1.8831,6.55,24.94,7.57,3.31,A
galaxy_213.411151_-3.3355_KIDS_213.6_-3.5,213.411151,-3.3355,5.96,25.26,8.14,2.67,A
galaxy_213.420771_-2.1851_KIDS_213.6_-2.5,213.420771,-2.1851,12.64,24.57,7.29,2.36,A
galaxy_213.502182_2.1544_KIDS_213.6_2.5,213.502182,2.1544,7.72,25.81,8.14,2.67,A
galaxy_213.640506_2.9819_KIDS_213.6_2.5,213.640506,2.9819,4.23,24.94,8.14,2.67,A
galaxy_214.037527_3.43_KIDS_213.6_3.5,214.037527,3.43,9.68,26.03,8.71,1.6,A
galaxy_214.638577_1.9687_KIDS_215.0_1.5,214.638577,1.9687,4.13,24.98,8.29,1.6,A
galaxy_214.800381_2.3507_KIDS_214.6_2.5,214.800381,2.3507,4.45,24.68,8.8,1.64,A
galaxy_214.812319_3.1243_KIDS_214.6_3.5,214.812319,3.1243,13.47,25.13,10,0,A
galaxy_215.301225_3.8351_KIDS_215.6_3.5,215.301225,3.8351,4.74,25.9,8.57,2.7,A
galaxy_215.465966_3.0738_KIDS_215.6_3.5,215.465966,3.0738,10.17,24.81,10,0,A
galaxy_215.518174_3.5866_KIDS_215.6_3.5,215.518174,3.5866,13.65,25.62,9.57,1.13,A
galaxy_216.385671_-3.3877_KIDS_216.6_-3.5,216.385671,-3.3877,5.05,24.12,9.4,1.34,A
galaxy_216.868425_3.5248_KIDS_216.6_3.5,216.868425,3.5248,4.53,25.55,9.14,1.46,A
galaxy_217.029025_3.1863_KIDS_216.6_3.5,217.029025,3.1863,12.46,26.13,9.57,1.13,A
galaxy_217.396029_3.01_KIDS_217.6_3.5,217.396029,3.01,9.26,24.31,9.5,1.22,A
galaxy_217.461639_3.7023_KIDS_217.6_3.5,217.461639,3.7023,3.76,25.96,9.57,1.13,A
galaxy_217.477717_3.2528_KIDS_217.6_3.5,217.477717,3.2528,6.92,25.74,9.57,1.13,A
galaxy_217.550145_3.1432_KIDS_217.6_3.5,217.550145,3.1432,5.42,25.65,9.57,1.13,A
galaxy_217.612469_3.085_KIDS_217.6_3.5,217.612469,3.085,5.46,24.06,9.4,1.34,A
galaxy_217.712664_3.2068_KIDS_217.6_3.5,217.712664,3.2068,13.25,24.8,10,0,A
galaxy_217.914641_3.3542_KIDS_217.6_3.5,217.914641,3.3542,5.64,25.62,9.57,1.13,A
galaxy_217.949809_3.6255_KIDS_217.6_3.5,217.949809,3.6255,5.48,25.91,9.14,1.46,A
galaxy_217.971208_3.3799_KIDS_217.6_3.5,217.971208,3.3799,6.58,24.35,7.75,1.5,A
galaxy_218.652205_3.5062_KIDS_218.6_3.5,218.652205,3.5062,6.49,24.85,10,0,A
galaxy_218.661472_3.535_KIDS_218.6_3.5,218.661472,3.535,6.48,25.18,9.14,1.46,A
galaxy_218.720656_3.5208_KIDS_218.6_3.5,218.720656,3.5208,5.46,25.11,8,3.08,A
galaxy_218.81562_3.58_KIDS_218.6_3.5,218.81562,3.58,8.08,24.66,9.4,1.34,A
galaxy_218.904739_2.7073_KIDS_218.6_2.5,218.904739,2.7073,12.8,23.94,10,0,A
galaxy_218.918145_2.9523_KIDS_218.6_3.5,218.918145,2.9523,4.06,26.04,7.57,3.31,A
galaxy_219.051789_3.2157_KIDS_218.6_3.5,219.051789,3.2157,4.1,24.92,7.29,2.36,A
galaxy_219.244338_3.1178_KIDS_219.6_3.5,219.244338,3.1178,4.75,25.61,9.57,1.13,A
galaxy_219.441308_2.9739_KIDS_219.6_3.5,219.441308,2.9739,4.13,25.26,8.29,1.6,A
galaxy_219.869489_3.3679_KIDS_219.6_3.5,219.869489,3.3679,4.8,24.88,9.14,1.46,A
galaxy_219.914338_2.5819_KIDS_219.6_2.5,219.914338,2.5819,9.91,23.84,7.75,1.5,A
galaxy_219.919611_-0.3029_KIDS_220.0_-0.5,219.919611,-0.3029,12.52,24.24,9,1.55,A
galaxy_219.925805_-0.3026_KIDS_220.0_-0.5,219.925805,-0.3026,11.71,24.15,9.4,1.34,A
galaxy_219.942026_3.3_KIDS_219.6_3.5,219.942026,3.3,6.44,24.07,7.5,5,A
galaxy_219.999667_-0.1862_KIDS_220.0_-0.5,219.999667,-0.1862,7.86,24.35,7.4,2.88,A
galaxy_220.217368_1.6456_KIDS_220.0_1.5,220.217368,1.6456,7.49,24.84,10,0,A
galaxy_220.391189_3.4973_KIDS_220.6_3.5,220.391189,3.4973,9.12,23.88,10,0,A
galaxy_220.446834_3.7428_KIDS_220.6_3.5,220.446834,3.7428,5.69,24.88,9.57,1.13,A
galaxy_220.884335_3.8937_KIDS_220.6_3.5,220.884335,3.8937,9.92,23.89,10,0,A
galaxy_220.944973_3.5423_KIDS_220.6_3.5,220.944973,3.5423,7.17,23.95,10,0,A
galaxy_221.090828_1.8906_KIDS_221.0_1.5,221.090828,1.8906,6.96,24.6,9.4,1.34,A
galaxy_221.128598_1.9886_KIDS_221.0_1.5,221.128598,1.9886,5.87,24.38,10,0,A
galaxy_221.4176_1.95_KIDS_221.6_2.5,221.4176,1.95,8.76,24.7,9.57,1.13,A
galaxy_221.43463_1.9053_KIDS_221.0_1.5,221.43463,1.9053,5.13,24.94,8.71,1.6,A
galaxy_221.774801_2.3538_KIDS_221.6_2.5,221.774801,2.3538,6.18,24.47,9.4,1.34,A
galaxy_221.803052_3.1848_KIDS_221.6_3.5,221.803052,3.1848,6.98,24.65,9,1.55,A
galaxy_222.197283_-3.747_KIDS_222.6_-3.5,222.197283,-3.747,7.62,26.1,9.25,1.39,A
galaxy_222.974056_-2.426_KIDS_222.6_-2.5,222.974056,-2.426,6.12,24.64,9.4,1.34,A
galaxy_223.00851_2.9784_KIDS_222.6_3.5,223.00851,2.9784,6.22,24.12,9.25,1.5,A
galaxy_223.22337_3.957_KIDS_223.6_3.5,223.22337,3.957,5.35,24.41,9.4,1.34,A
galaxy_223.408375_2.9499_KIDS_223.6_2.5,223.408375,2.9499,3.63,25.15,9.57,1.13,A
galaxy_223.525896_2.18_KIDS_223.6_2.5,223.525896,2.18,4.43,24.91,9.14,1.46,A
galaxy_223.731938_1.5258_KIDS_224.0_1.5,223.731938,1.5258,7.94,23.83,10,0,A
galaxy_223.856751_1.03_KIDS_224.0_1.5,223.856751,1.03,13.78,26.12,9.57,1.13,A
galaxy_224.148312_2.8419_KIDS_224.6_2.5,224.148312,2.8419,9.52,24.42,10,0,A
galaxy_224.237081_2.7736_KIDS_224.6_2.5,224.237081,2.7736,5.73,24.81,8.14,2.67,A
galaxy_224.24522_1.7309_KIDS_224.0_1.5,224.24522,1.7309,6.88,24.78,8.71,1.6,A
galaxy_224.347502_2.3256_KIDS_224.6_2.5,224.347502,2.3256,9.31,25.59,9.62,1.06,A
galaxy_224.363559_-2.0849_KIDS_224.6_-2.5,224.363559,-2.0849,6.25,24.11,7.5,3.32,A
galaxy_224.552386_1.9941_KIDS_224.6_2.5,224.552386,1.9941,5.86,25.73,8.71,1.6,A
galaxy_224.599995_2.0862_KIDS_224.6_2.5,224.599995,2.0862,8.42,24.94,9.57,1.13,A
galaxy_224.619313_1.5422_KIDS_225.0_1.5,224.619313,1.5422,11.43,23.96,10,0,A
galaxy_224.936352_2.131_KIDS_224.6_2.5,224.936352,2.131,8.19,24.17,10,0,A
galaxy_224.996666_1.1666_KIDS_225.0_1.5,224.996666,1.1666,7.33,25.19,9.57,1.13,A
galaxy_225.24711_1.8767_KIDS_225.0_1.5,225.24711,1.8767,6.44,24.23,9.4,1.34,A
galaxy_225.253612_1.0137_KIDS_225.0_1.5,225.253612,1.0137,7.76,24.19,9.4,1.34,A
galaxy_225.278464_2.0905_KIDS_225.6_2.5,225.278464,2.0905,7.5,24.03,10,0,A
galaxy_225.314227_1.4981_KIDS_225.0_1.5,225.314227,1.4981,8.67,23.88,10,0,A
galaxy_225.316119_1.7735_KIDS_225.0_1.5,225.316119,1.7735,8.02,24.08,9.4,1.34,A
galaxy_225.330548_1.6053_KIDS_225.0_1.5,225.330548,1.6053,7.94,25.02,9.57,1.13,A
galaxy_225.410728_1.8694_KIDS_225.0_1.5,225.410728,1.8694,8.43,23.97,9.25,1.5,A
galaxy_225.419177_2.6484_KIDS_225.6_2.5,225.419177,2.6484,7.86,26.16,8.57,2.7,A
galaxy_225.45617_1.9307_KIDS_225.0_1.5,225.45617,1.9307,5.46,24.75,8.71,1.6,A
galaxy_225.63766_1.9357_KIDS_226.0_1.5,225.63766,1.9357,8.53,24.46,10,0,A
galaxy_225.66256_1.4412_KIDS_226.0_1.5,225.66256,1.4412,5.77,26.31,8.57,2.7,A
galaxy_225.671868_1.3855_KIDS_226.0_1.5,225.671868,1.3855,6.37,24.44,10,0,A
galaxy_225.767865_1.227_KIDS_226.0_1.5,225.767865,1.227,6.62,25.21,9.62,1.06,A
galaxy_225.839052_1.4308_KIDS_226.0_1.5,225.839052,1.4308,13.72,25.92,9.14,1.46,A
galaxy_225.84809_2.2059_KIDS_225.6_2.5,225.84809,2.2059,9.01,25.79,9.57,1.13,A
galaxy_225.870954_1.7_KIDS_226.0_1.5,225.870954,1.7,5.89,24.54,9.4,1.34,A
galaxy_225.924552_0.9055_KIDS_226.0_0.5,225.924552,0.9055,5.91,24.75,8.29,1.6,A
galaxy_226.06734_1.5937_KIDS_226.0_1.5,226.06734,1.5937,6.58,24.7,10,0,A
galaxy_226.070975_-0.8647_KIDS_226.0_-0.5,226.070975,-0.8647,7.62,24.45,8.2,1.64,A
galaxy_226.079852_1.755_KIDS_226.0_1.5,226.079852,1.755,13.24,24.74,10,0,A
galaxy_226.142638_1.0323_KIDS_226.0_1.5,226.142638,1.0323,6.02,24.22,9.4,1.34,A
galaxy_226.179692_0.9606_KIDS_226.0_0.5,226.179692,0.9606,7.26,25.63,9.14,1.46,A
galaxy_226.202345_1.9815_KIDS_226.6_2.5,226.202345,1.9815,7.58,23.95,10,0,A
galaxy_226.235114_2.2572_KIDS_226.6_2.5,226.235114,2.2572,5.04,25.1,9.57,1.13,A
galaxy_226.287115_2.1574_KIDS_226.6_2.5,226.287115,2.1574,5.81,24.64,8.29,1.6,A
galaxy_226.334214_1.8115_KIDS_226.0_1.5,226.334214,1.8115,17.44,25.7,8.71,1.6,A
galaxy_226.348944_1.2432_KIDS_226.0_1.5,226.348944,1.2432,7.57,26.01,9.14,1.46,A
galaxy_226.377881_1.5081_KIDS_226.0_1.5,226.377881,1.5081,8.34,25.68,9.14,1.46,A
galaxy_226.403934_2.2506_KIDS_226.6_2.5,226.403934,2.2506,5.8,24.39,9.4,1.34,A
galaxy_226.44411_1.0163_KIDS_226.0_0.5,226.44411,1.0163,6.58,24.59,9.4,1.34,A
galaxy_226.458529_0.8587_KIDS_226.0_0.5,226.458529,0.8587,3.88,25.57,8.29,1.6,A
galaxy_226.524522_2.3875_KIDS_226.6_2.5,226.524522,2.3875,5.46,24.49,10,0,A
galaxy_226.525659_1.4285_KIDS_227.0_1.5,226.525659,1.4285,8.4,25.44,8.5,1.6,A
galaxy_226.553015_2.1693_KIDS_226.6_2.5,226.553015,2.1693,4.88,25.27,9.4,1.34,A
galaxy_226.565339_1.4872_KIDS_227.0_1.5,226.565339,1.4872,5.54,25.3,8.57,2.7,A
galaxy_226.639885_1.6553_KIDS_227.0_1.5,226.639885,1.6553,4.5,25.26,8.14,2.67,A
galaxy_226.642694_0.21_KIDS_227.0_0.5,226.642694,0.21,8.52,23.98,8.57,2.7,A
galaxy_226.661012_2.2715_KIDS_226.6_2.5,226.661012,2.2715,4.81,24.81,9.14,1.46,A
galaxy_226.666074_2.0336_KIDS_226.6_2.5,226.666074,2.0336,4.25,25.71,8.71,1.6,A
galaxy_226.700488_2.2491_KIDS_226.6_2.5,226.700488,2.2491,5.4,25.92,9.25,1.39,A
galaxy_226.710953_2.5387_KIDS_226.6_2.5,226.710953,2.5387,7.32,25.07,8.5,1.6,A
galaxy_226.738914_1.2726_KIDS_227.0_1.5,226.738914,1.2726,10.15,24.89,10,0,A
galaxy_226.76687_1.8355_KIDS_227.0_1.5,226.76687,1.8355,6.34,24.24,10,0,A
galaxy_226.865838_1.3648_KIDS_227.0_1.5,226.865838,1.3648,5.96,25.36,9.57,1.13,A
galaxy_226.892304_1.1198_KIDS_227.0_1.5,226.892304,1.1198,8.91,23.98,9.25,1.5,A
galaxy_226.897276_1.99_KIDS_227.0_1.5,226.897276,1.99,4.47,25.21,9.57,1.13,A
galaxy_226.948639_1.0374_KIDS_227.0_1.5,226.948639,1.0374,8.22,24.99,9.57,1.13,A
galaxy_227.01193_2.2353_KIDS_226.6_2.5,227.01193,2.2353,6.27,25.3,8.71,1.6,A
galaxy_227.035173_2.9045_KIDS_226.6_2.5,227.035173,2.9045,6.54,24.74,8.8,1.64,A
galaxy_227.037857_1.4212_KIDS_227.0_1.5,227.037857,1.4212,5.48,24.64,9.4,1.34,A
galaxy_227.051751_1.4997_KIDS_227.0_1.5,227.051751,1.4997,8.13,24.04,10,0,A
galaxy_227.082798_1.702_KIDS_227.0_1.5,227.082798,1.702,6.34,24.74,10,0,A
galaxy_227.098763_2.1784_KIDS_226.6_2.5,227.098763,2.1784,10.42,25.66,9.14,1.46,A
galaxy_227.106225_1.7068_KIDS_227.0_1.5,227.106225,1.7068,5.84,24.43,9.4,1.34,A
galaxy_227.111587_1.457_KIDS_227.0_1.5,227.111587,1.457,5.62,25.38,8.71,1.6,A
galaxy_227.159465_2.0134_KIDS_227.6_2.5,227.159465,2.0134,6.77,25.22,8.29,1.6,A
galaxy_227.257364_1.6146_KIDS_227.0_1.5,227.257364,1.6146,6.37,24,9.4,1.34,A
galaxy_227.261145_1.8471_KIDS_227.0_1.5,227.261145,1.8471,10.89,24.99,10,0,A
galaxy_227.262447_1.0609_KIDS_227.0_1.5,227.262447,1.0609,4.07,24.78,9.57,1.13,A
galaxy_227.271902_1.9571_KIDS_227.0_1.5,227.271902,1.9571,7.3,24.77,9.4,1.34,A
galaxy_227.335354_1.72_KIDS_227.0_1.5,227.335354,1.72,5.25,25.11,8.71,1.6,A
galaxy_227.460861_0.2832_KIDS_227.0_0.5,227.460861,0.2832,7.34,23.86,8.2,1.64,A
galaxy_228.250139_-1.8725_KIDS_228.0_-1.5,228.250139,-1.8725,5.46,25.28,7.29,2.36,A
galaxy_228.682021_1.53_KIDS_229.0_1.5,228.682021,1.53,7.88,24.65,10,0,A
galaxy_232.048_0.409_KIDS_232.0_0.5,232.048,0.409,4.97,25.41,8.5,1.6,A
galaxy_233.163616_-1.6017_KIDS_233.0_-1.5,233.163616,-1.6017,6.22,24.18,9.25,1.5,A
galaxy_235.568945_0.5459_KIDS_236.0_0.5,235.568945,0.5459,6.95,25.69,9.57,1.13,A
galaxy_236.058279_1.0972_KIDS_236.0_1.5,236.058279,1.0972,5.3,25.07,7.14,3.13,A
galaxy_237.801917_-1.5014_KIDS_238.0_-1.5,237.801917,-1.5014,6.2,24.94,7.4,2.88,A
galaxy_238.311723_0.7095_KIDS_238.0_0.5,238.311723,0.7095,8.42,24.86,9.14,1.46,A
galaxy_238.383166_0.3946_KIDS_238.0_0.5,238.383166,0.3946,8.35,24.92,7.2,3.83,A
galaxy_329.611867_-31.5468_KIDS_329.7_-31.2,329.611867,-31.5468,4.99,24.48,9.4,1.34,A
galaxy_329.636711_-32.5485_KIDS_329.4_-32.1,329.636711,-32.5485,6.89,24.77,10,0,A
galaxy_329.754707_-28.4454_KIDS_329.5_-28.2,329.754707,-28.4454,7.13,24.44,8.33,2.88,A
galaxy_329.81197_-30.743_KIDS_329.7_-31.2,329.81197,-30.743,7.86,25.03,10,0,A
galaxy_330.10366_-31.786_KIDS_330.6_-32.1,330.10366,-31.786,9.16,23.9,8.5,1.73,A
galaxy_330.12853_-33.0852_KIDS_330.3_-33.1,330.12853,-33.0852,4.22,25.17,9.14,1.46,A
galaxy_330.160791_-31.8156_KIDS_330.6_-32.1,330.160791,-31.8156,5.28,24.29,9.4,1.34,A
galaxy_330.171874_-32.0909_KIDS_330.6_-32.1,330.171874,-32.0909,7.13,23.97,9.4,1.34,A
galaxy_330.21786_-32.3476_KIDS_330.6_-32.1,330.21786,-32.3476,6.7,24.7,8.71,1.6,A
galaxy_330.226365_-32.094_KIDS_330.6_-32.1,330.226365,-32.094,5.41,25.26,9.57,1.13,A
galaxy_330.32077_-31.07_KIDS_330.9_-31.2,330.32077,-31.07,6.8,26.31,9.57,1.13,A
galaxy_330.409417_-35.2232_KIDS_330.8_-35.1,330.409417,-35.2232,6.41,24.16,8.8,1.64,A
galaxy_330.411317_-31.4356_KIDS_330.9_-31.2,330.411317,-31.4356,7.5,25.07,8.29,1.6,A
galaxy_330.445517_-31.6441_KIDS_330.9_-31.2,330.445517,-31.6441,6.8,26.1,9.14,1.46,A
galaxy_330.523333_-30.7548_KIDS_330.9_-31.2,330.523333,-30.7548,6.1,24.18,9.5,1.22,A
galaxy_330.565844_-32.8489_KIDS_330.3_-33.1,330.565844,-32.8489,8.22,25.43,8.71,1.6,A
galaxy_330.583731_-31.5786_KIDS_330.9_-31.2,330.583731,-31.5786,8.26,24.4,9.5,1.22,A
galaxy_330.592705_-32.305_KIDS_330.6_-32.1,330.592705,-32.305,6.88,24.03,10,0,A
galaxy_330.703677_-34.7567_KIDS_330.8_-35.1,330.703677,-34.7567,5.44,24.99,8.71,1.6,A
galaxy_330.725781_-34.9_KIDS_330.8_-35.1,330.725781,-34.9,6.88,24.14,9.4,1.34,A
galaxy_330.876594_-33.7004_KIDS_331.2_-34.1,330.876594,-33.7004,10.53,24.26,8.8,1.64,A
galaxy_330.927343_-31.6561_KIDS_330.9_-31.2,330.927343,-31.6561,6.11,24.08,9.4,1.34,A
galaxy_330.963191_-35.2004_KIDS_330.8_-35.1,330.963191,-35.2004,4.97,24.48,9,1.55,A
galaxy_330.987449_-31.9553_KIDS_330.6_-32.1,330.987449,-31.9553,5.59,24.21,10,0,A
galaxy_331.02194_-32.087_KIDS_330.6_-32.1,331.02194,-32.087,4.81,24.74,9.57,1.13,A
galaxy_331.051027_-32.361_KIDS_330.6_-32.1,331.051027,-32.361,4.66,25.42,9.14,1.46,A
galaxy_331.259907_-31.6984_KIDS_331.8_-32.1,331.259907,-31.6984,6.31,25.09,9.4,1.34,A
galaxy_331.293043_-33.1341_KIDS_331.5_-33.1,331.293043,-33.1341,6.26,23.86,9.4,1.34,A
galaxy_331.305201_-32.3764_KIDS_331.8_-32.1,331.305201,-32.3764,7.52,24.46,8.2,1.64,A
galaxy_331.36042_-31.5593_KIDS_330.9_-31.2,331.36042,-31.5593,8.2,24.03,10,0,A
galaxy_331.523414_-31.9492_KIDS_331.8_-32.1,331.523414,-31.9492,7.18,25.12,8.88,1.55,A
galaxy_331.740855_-27.828_KIDS_331.8_-28.2,331.740855,-27.828,6.25,25.26,9.14,1.46,A
galaxy_331.797235_-31.0796_KIDS_332.0_-31.2,331.797235,-31.0796,10.5,24.2,7.4,2.88,A
galaxy_331.815264_-32.207_KIDS_331.8_-32.1,331.815264,-32.207,8.89,24.08,7.75,1.5,A
galaxy_332.163334_-28.2841_KIDS_331.8_-28.2,332.163334,-28.2841,9.54,24.59,8.8,1.64,A
galaxy_332.216734_-30.6494_KIDS_332.4_-30.2,332.216734,-30.6494,9.56,24.67,7.75,1.5,A
galaxy_332.729192_-27.91_KIDS_332.9_-28.2,332.729192,-27.91,8.34,24.9,8.8,1.64,A
galaxy_332.915444_-34.1716_KIDS_332.4_-34.1,332.915444,-34.1716,6.98,24.03,9.4,1.34,A
galaxy_333.653012_-27.596_KIDS_333.1_-27.2,333.653012,-27.596,10.7,24.22,8.6,3.13,A
galaxy_334.086977_-27.2981_KIDS_334.2_-27.2,334.086977,-27.2981,7.04,24.31,9.4,1.34,A
galaxy_334.210794_-27.8787_KIDS_334.0_-28.2,334.210794,-27.8787,7.81,24.54,7.4,2.88,A
galaxy_335.329183_-33.2013_KIDS_335.0_-33.1,335.329183,-33.2013,5.63,25.44,9.62,1.06,A
galaxy_335.374519_-26.8425_KIDS_335.3_-27.2,335.374519,-26.8425,4.88,24.66,9.14,1.46,A
galaxy_336.362215_-33.1725_KIDS_336.2_-33.1,336.362215,-33.1725,4.64,24.93,9.14,1.46,A
galaxy_337.66465_-29.702_KIDS_338.1_-30.2,337.66465,-29.702,6.47,25.56,7.71,2.56,A
galaxy_337.815547_-28.1102_KIDS_337.4_-28.2,337.815547,-28.1102,7.71,24.73,7.6,1.34,A
galaxy_338.094561_-31.0406_KIDS_337.9_-31.2,338.094561,-31.0406,6.16,25.73,8.29,1.6,A
galaxy_338.304958_-33.2615_KIDS_338.6_-33.1,338.304958,-33.2615,11.5,24.1,8.25,3.5,A
galaxy_338.389698_-28.9645_KIDS_338.4_-29.2,338.389698,-28.9645,8.69,25.83,8,3.42,A
galaxy_340.288591_-32.8338_KIDS_339.8_-33.1,340.288591,-32.8338,9.18,24.04,10,0,A
galaxy_340.289464_-28.6794_KIDS_340.8_-28.2,340.289464,-28.6794,5.34,25.02,7.86,1.46,A
galaxy_342.67248_-28.6904_KIDS_343.1_-28.2,342.67248,-28.6904,5.04,24.7,8.8,1.64,A
galaxy_343.579281_-34.0485_KIDS_343.2_-34.1,343.579281,-34.0485,4.15,25.33,9.57,1.13,A
galaxy_344.169658_-35.229_KIDS_344.2_-35.1,344.169658,-35.229,7.39,25.66,9.14,1.46,A
galaxy_344.334235_-34.0913_KIDS_344.4_-34.1,344.334235,-34.0913,8.14,25.78,9.57,1.13,A
galaxy_344.473694_-35.3465_KIDS_344.2_-35.1,344.473694,-35.3465,6.52,23.95,10,0,A
galaxy_344.564689_-33.689_KIDS_344.4_-34.1,344.564689,-33.689,10.16,24.01,10,0,A
galaxy_345.018534_-32.8059_KIDS_344.6_-33.1,345.018534,-32.8059,4.63,25.5,9.57,1.13,A
galaxy_345.685891_-33.6119_KIDS_345.6_-34.1,345.685891,-33.6119,5.76,25.26,8.29,1.6,A
galaxy_345.91666_-31.0802_KIDS_346.0_-31.2,345.91666,-31.0802,5.92,24.9,8,3.08,A
galaxy_346.193941_-35.2689_KIDS_346.6_-35.1,346.193941,-35.2689,5.93,24.35,7.75,1.5,A
galaxy_346.296674_-29.8066_KIDS_346.2_-30.2,346.296674,-29.8066,12.81,25.18,9.14,1.46,A
galaxy_346.624757_-33.5964_KIDS_346.9_-33.1,346.624757,-33.5964,7.41,23.99,9.4,1.34,A
galaxy_347.010716_-33.685_KIDS_346.8_-34.1,347.010716,-33.685,6.55,24.19,10,0,A
galaxy_347.060082_-28.183_KIDS_347.6_-28.2,347.060082,-28.183,11.61,24.97,9,1.55,A
galaxy_347.260953_-33.294_KIDS_346.9_-33.1,347.260953,-33.294,4.77,25.66,9.57,1.13,A
galaxy_347.356268_-29.6734_KIDS_347.3_-30.2,347.356268,-29.6734,5.73,25.23,8.71,1.6,A
galaxy_347.493869_-29.304_KIDS_347.5_-29.2,347.493869,-29.304,6.83,24.63,8.5,1.64,A
galaxy_347.585299_-29.1_KIDS_347.5_-29.2,347.585299,-29.1,8.67,24.76,8.71,1.6,A
galaxy_347.880426_-29.028_KIDS_347.5_-29.2,347.880426,-29.028,6.68,25.49,8.5,1.64,A
galaxy_347.969877_-28.926_KIDS_347.5_-29.2,347.969877,-28.926,11.04,25.23,10,0,A
galaxy_347.975985_-29.1178_KIDS_347.5_-29.2,347.975985,-29.1178,9.85,26.41,9,2.65,A
galaxy_348.038482_-28.4826_KIDS_347.6_-28.2,348.038482,-28.4826,9.71,24.13,10,0,A
galaxy_348.2556_-28.711_KIDS_348.6_-29.2,348.2556,-28.711,5.71,24.97,8.71,1.6,A
galaxy_348.288875_-34.2632_KIDS_348.0_-34.1,348.288875,-34.2632,6.63,23.81,10,0,A
galaxy_348.312257_-28.861_KIDS_348.6_-29.2,348.312257,-28.861,4.44,25.33,8.57,2.7,A
galaxy_348.323066_-29.8599_KIDS_348.5_-30.2,348.323066,-29.8599,6.89,25.75,9.57,1.13,A
galaxy_348.699858_-27.7389_KIDS_348.7_-28.2,348.699858,-27.7389,4.93,25.12,9.57,1.13,A
galaxy_349.058223_-27.9729_KIDS_348.7_-28.2,349.058223,-27.9729,9.45,25.85,9.57,1.13,A
galaxy_351.431034_-29.4958_KIDS_350.9_-29.2,351.431034,-29.4958,11.9,24.59,8.2,1.64,A
galaxy_354.115487_-31.9357_KIDS_354.1_-32.1,354.115487,-31.9357,5,25.01,9.14,1.46,A
galaxy_355.201708_-29.3763_KIDS_355.4_-29.2,355.201708,-29.3763,6.07,24.72,9.4,1.34,A
galaxy_355.456429_-27.67_KIDS_355.5_-27.2,355.456429,-27.67,4.89,25.51,8.71,1.6,A
galaxy_355.76773_-30.1204_KIDS_355.4_-30.2,355.76773,-30.1204,6.42,24.44,9.4,1.34,A
galaxy_355.813092_-28.1108_KIDS_355.5_-28.2,355.813092,-28.1108,4.73,24.8,8.71,1.6,A
galaxy_356.426341_-28.538_KIDS_356.6_-28.2,356.426341,-28.538,8.22,23.89,9.25,1.5,A
galaxy_356.706042_-28.124_KIDS_356.6_-28.2,356.706042,-28.124,5.01,24.87,9.25,1.39,A
galaxy_356.785169_-28.2484_KIDS_356.6_-28.2,356.785169,-28.2484,6.77,24.18,8.8,1.64,A
galaxy_357.544946_-26.689_KIDS_357.8_-27.2,357.544946,-26.689,5.9,25.03,8.2,1.64,A
galaxy_358.118879_-30.2531_KIDS_357.7_-30.2,358.118879,-30.2531,5.13,24.92,7.71,2.56,A
galaxy_358.628573_-34.33_KIDS_358.8_-34.1,358.628573,-34.33,7.84,24.39,7.83,2.79,A
galaxy_359.874608_-29.9547_KIDS_0.0_-30.2,359.874608,-29.9547,6.7,24.97,7.14,3.13,A
galaxy_359.881763_-27.1841_KIDS_0.0_-27.2,359.881763,-27.1841,5.83,24.72,7.14,3.13,A
